Handle,Title,Body (HTML),Vendor,Product Category,Type,Tags,Published,Option1 Name,Option1 Value,Variant SKU,Variant Grams,Variant Inventory Tracker,Variant Inventory Qty,Variant Inventory Policy,Variant Fulfillment Service,Variant Price,Variant Compare At Price,Variant Requires Shipping,Variant Taxable,Variant Barcode,Image Src,Image Position,Image Alt Text,Gift Card,SEO Title,SEO Description,Status
nv-vouvray-la-dilettante-brut,NV Vouvray la Dilettante Brut,"<p><strong>Origin:</strong> Loire, FR</p><p><strong>Type:</strong> Sparkling</p><p>Sold by the bottle.</p>",St Swithins Wine Shippers,,Sparkling,"Sparkling, Wine List, Menu 07.08, Bottle, Loire, France, NV",TRUE,Title,Default Title,nv-vouvray-la-dilettante-brut-bt,1250,,,deny,manual,51.00,,TRUE,TRUE,,,,,FALSE,NV Vouvray la Dilettante Brut,"NV Vouvray la Dilettante Brut — Loire, FR",active
nv-champagne-bertrand-delespierre-extra-brut,NV Champagne Bertrand Delespierre Extra Brut,<p><strong>Origin:</strong> FR</p><p><strong>Type:</strong> Sparkling</p><p>Sold by the bottle.</p>,St Swithins Wine Shippers,,Sparkling,"Sparkling, Wine List, Menu 07.08, Bottle, France, NV",TRUE,Title,Default Title,nv-champagne-bertrand-delespierre-extra-brut-bt,1250,,,deny,manual,79.00,,TRUE,TRUE,,,,,FALSE,NV Champagne Bertrand Delespierre Extra Brut,NV Champagne Bertrand Delespierre Extra Brut — FR,active
2023-domaine-sainte-philom-ne-cuv-e-philippine,2023 Domaine Sainte Philomène Cuvée Philippine,"<p><strong>Origin:</strong> Provence, FR</p><p><strong>Type:</strong> Rosé</p><p>Sold by the bottle.</p>",St Swithins Wine Shippers,,Rosé,"Rosé, Wine List, Menu 07.08, Bottle, Provence, France, 2023",TRUE,Title,Default Title,2023-domaine-sainte-philom-ne-cuv-e-philippine-bt,1250,,,deny,manual,40.00,,TRUE,TRUE,,,,,FALSE,2023 Domaine Sainte Philomène Cuvée Philippine,"2023 Domaine Sainte Philomène Cuvée Philippine — Provence, FR",active
2022-domaine-ott-clos-mireille,2022 Domaine Ott Clos Mireille,"<p><strong>Origin:</strong> Provence, FR</p><p><strong>Type:</strong> Rosé</p><p>Sold by the bottle.</p>",St Swithins Wine Shippers,,Rosé,"Rosé, Wine List, Menu 07.08, Bottle, Provence, France, 2022",TRUE,Title,Default Title,2022-domaine-ott-clos-mireille-bt,1250,,,deny,manual,65.00,,TRUE,TRUE,,,,,FALSE,2022 Domaine Ott Clos Mireille,"2022 Domaine Ott Clos Mireille — Provence, FR",active
2022-le-petit-fantet-dhippolyte-ollieux-romanis,2022 Le Petit Fantet d'Hippolyte Ollieux Romanis,"<p><strong>Origin:</strong> Languedoc, FR</p><p><strong>Type:</strong> White Wine</p><p>Sold by the bottle.</p>",St Swithins Wine Shippers,,White Wine,"White Wine, Wine List, Menu 07.08, Bottle, Languedoc, France, 2022",TRUE,Title,Default Title,2022-le-petit-fantet-dhippolyte-ollieux-romanis-bt,1250,,,deny,manual,32.00,,TRUE,TRUE,,,,,FALSE,2022 Le Petit Fantet d'Hippolyte Ollieux Romanis,"2022 Le Petit Fantet d'Hippolyte Ollieux Romanis — Languedoc, FR",active
2021-baglio-antico-catarratto-orange,2021 Baglio Antico Catarratto (Orange),"<p><strong>Origin:</strong> Sicily, IT</p><p><strong>Type:</strong> White Wine</p><p>Sold by the bottle.</p>",St Swithins Wine Shippers,,White Wine,"White Wine, Wine List, Menu 07.08, Bottle, Sicily, Italy, 2021",TRUE,Title,Default Title,2021-baglio-antico-catarratto-orange-bt,1250,,,deny,manual,35.00,,TRUE,TRUE,,,,,FALSE,2021 Baglio Antico Catarratto (Orange),"2021 Baglio Antico Catarratto (Orange) — Sicily, IT",active
2023-ebner-ebenauer-poysdorf-gr-ner-veltliner,2023 Ebner-Ebenauer Poysdorf Grüner Veltliner,"<p><strong>Origin:</strong> Niederösterreich, AUSTRIA</p><p><strong>Type:</strong> White Wine</p><p>Sold by the bottle.</p>",St Swithins Wine Shippers,,White Wine,"White Wine, Wine List, Menu 07.08, Bottle, Niederösterreich, Austria, 2023",TRUE,Title,Default Title,2023-ebner-ebenauer-poysdorf-gr-ner-veltliner-bt,1250,,,deny,manual,42.00,,TRUE,TRUE,,,,,FALSE,2023 Ebner-Ebenauer Poysdorf Grüner Veltliner,"2023 Ebner-Ebenauer Poysdorf Grüner Veltliner — Niederösterreich, AUSTRIA",active
2021-nosiola-vigneti-delle-dolomiti-cesconi,2021 Nosiola Vigneti delle Dolomiti Cesconi,"<p><strong>Origin:</strong> Trentino, IT</p><p><strong>Type:</strong> White Wine</p><p>Sold by the bottle.</p>",St Swithins Wine Shippers,,White Wine,"White Wine, Wine List, Menu 07.08, Bottle, Trentino, Italy, 2021",TRUE,Title,Default Title,2021-nosiola-vigneti-delle-dolomiti-cesconi-bt,1250,,,deny,manual,44.00,,TRUE,TRUE,,,,,FALSE,2021 Nosiola Vigneti delle Dolomiti Cesconi,"2021 Nosiola Vigneti delle Dolomiti Cesconi — Trentino, IT",active
2020-trinity-hill-gimblett-marsanne-viognier,2020 Trinity Hill 'Gimblett' Marsanne Viognier,"<p><strong>Origin:</strong> Hawke's Bay, NZ</p><p><strong>Type:</strong> White Wine</p><p>Sold by the bottle.</p>",St Swithins Wine Shippers,,White Wine,"White Wine, Wine List, Menu 07.08, Bottle, Hawke's Bay, New Zealand, 2020",TRUE,Title,Default Title,2020-trinity-hill-gimblett-marsanne-viognier-bt,1250,,,deny,manual,45.00,,TRUE,TRUE,,,,,FALSE,2020 Trinity Hill 'Gimblett' Marsanne Viognier,"2020 Trinity Hill 'Gimblett' Marsanne Viognier — Hawke's Bay, NZ",active
2021-domaine-gauby-calcinaires,2021 Domaine Gauby Calcinaires,"<p><strong>Origin:</strong> Côtes Catalanes, FR</p><p><strong>Type:</strong> White Wine</p><p>Sold by the bottle.</p>",St Swithins Wine Shippers,,White Wine,"White Wine, Wine List, Menu 07.08, Bottle, Côtes Catalanes, France, 2021",TRUE,Title,Default Title,2021-domaine-gauby-calcinaires-bt,1250,,,deny,manual,45.00,,TRUE,TRUE,,,,,FALSE,2021 Domaine Gauby Calcinaires,"2021 Domaine Gauby Calcinaires — Côtes Catalanes, FR",active
2019-dobog-tokaji-furmint,2019 Dobogó Tokaji Furmint,"<p><strong>Origin:</strong> Tokaji, HUNG</p><p><strong>Type:</strong> White Wine</p><p>Sold by the bottle.</p>",St Swithins Wine Shippers,,White Wine,"White Wine, Wine List, Menu 07.08, Bottle, Tokaji, Hungary, 2019",TRUE,Title,Default Title,2019-dobog-tokaji-furmint-bt,1250,,,deny,manual,45.00,,TRUE,TRUE,,,,,FALSE,2019 Dobogó Tokaji Furmint,"2019 Dobogó Tokaji Furmint — Tokaji, HUNG",active
2022-sancerre-roger-champault-clos-du-roy,2022 Sancerre Roger Champault Clos du Roy,"<p><strong>Origin:</strong> Loire, FR</p><p><strong>Type:</strong> White Wine</p><p>Sold by the bottle.</p>",St Swithins Wine Shippers,,White Wine,"White Wine, Wine List, Menu 07.08, Bottle, Loire, France, 2022",TRUE,Title,Default Title,2022-sancerre-roger-champault-clos-du-roy-bt,1250,,,deny,manual,46.00,,TRUE,TRUE,,,,,FALSE,2022 Sancerre Roger Champault Clos du Roy,"2022 Sancerre Roger Champault Clos du Roy — Loire, FR",active
2022-albari-o-o-casal,2022 Albariño O Casal,"<p><strong>Origin:</strong> Galicia, SP</p><p><strong>Type:</strong> White Wine</p><p>Sold by the bottle.</p>",St Swithins Wine Shippers,,White Wine,"White Wine, Wine List, Menu 07.08, Bottle, Galicia, Spain, 2022",TRUE,Title,Default Title,2022-albari-o-o-casal-bt,1250,,,deny,manual,46.00,,TRUE,TRUE,,,,,FALSE,2022 Albariño O Casal,"2022 Albariño O Casal — Galicia, SP",active
2021-trinity-hill-gimblett-chardonnay,2021 Trinity Hill 'Gimblett' Chardonnay,"<p><strong>Origin:</strong> Hawke's Bay, NZ</p><p><strong>Type:</strong> White Wine</p><p>Sold by the bottle.</p>",St Swithins Wine Shippers,,White Wine,"White Wine, Wine List, Menu 07.08, Bottle, Hawke's Bay, New Zealand, 2021",TRUE,Title,Default Title,2021-trinity-hill-gimblett-chardonnay-bt,1250,,,deny,manual,48.00,,TRUE,TRUE,,,,,FALSE,2021 Trinity Hill 'Gimblett' Chardonnay,"2021 Trinity Hill 'Gimblett' Chardonnay — Hawke's Bay, NZ",active
2020-savagnin-ouill-chevassu,2020 Savagnin Ouillé Chevassu,"<p><strong>Origin:</strong> Jura, FR</p><p><strong>Type:</strong> White Wine</p><p>Sold by the bottle.</p>",St Swithins Wine Shippers,,White Wine,"White Wine, Wine List, Menu 07.08, Bottle, Jura, France, 2020",TRUE,Title,Default Title,2020-savagnin-ouill-chevassu-bt,1250,,,deny,manual,49.00,,TRUE,TRUE,,,,,FALSE,2020 Savagnin Ouillé Chevassu,"2020 Savagnin Ouillé Chevassu — Jura, FR",active
2022-tue-boeuf-brin-de-ch-vre-menu-pineau,2022 Tue Boeuf Brin de Chèvre Menu Pineau,"<p><strong>Origin:</strong> Loire, FR</p><p><strong>Type:</strong> White Wine</p><p>Sold by the bottle.</p>",St Swithins Wine Shippers,,White Wine,"White Wine, Wine List, Menu 07.08, Bottle, Loire, France, 2022",TRUE,Title,Default Title,2022-tue-boeuf-brin-de-ch-vre-menu-pineau-bt,1250,,,deny,manual,50.00,,TRUE,TRUE,,,,,FALSE,2022 Tue Boeuf Brin de Chèvre Menu Pineau,"2022 Tue Boeuf Brin de Chèvre Menu Pineau — Loire, FR",active
2023-saumur-linsolite-thierry-germain,2023 Saumur l'Insolite Thierry Germain,"<p><strong>Origin:</strong> Loire, FR</p><p><strong>Type:</strong> White Wine</p><p>Sold by the bottle.</p>",St Swithins Wine Shippers,,White Wine,"White Wine, Wine List, Menu 07.08, Bottle, Loire, France, 2023",TRUE,Title,Default Title,2023-saumur-linsolite-thierry-germain-bt,1250,,,deny,manual,52.00,,TRUE,TRUE,,,,,FALSE,2023 Saumur l'Insolite Thierry Germain,"2023 Saumur l'Insolite Thierry Germain — Loire, FR",active
2021-riesling-kientzheim-trapet,2021 Riesling Kientzheim Trapet,"<p><strong>Origin:</strong> Alsace, FR</p><p><strong>Type:</strong> White Wine</p><p>Sold by the bottle.</p>",St Swithins Wine Shippers,,White Wine,"White Wine, Wine List, Menu 07.08, Bottle, Alsace, France, 2021",TRUE,Title,Default Title,2021-riesling-kientzheim-trapet-bt,1250,,,deny,manual,52.00,,TRUE,TRUE,,,,,FALSE,2021 Riesling Kientzheim Trapet,"2021 Riesling Kientzheim Trapet — Alsace, FR",active
2022-riesling-julius-henschke,2022 Riesling 'Julius' Henschke,"<p><strong>Origin:</strong> Eden Valley, AUST</p><p><strong>Type:</strong> White Wine</p><p>Sold by the bottle.</p>",St Swithins Wine Shippers,,White Wine,"White Wine, Wine List, Menu 07.08, Bottle, Eden Valley, Australia, 2022",TRUE,Title,Default Title,2022-riesling-julius-henschke-bt,1250,,,deny,manual,56.00,,TRUE,TRUE,,,,,FALSE,2022 Riesling 'Julius' Henschke,"2022 Riesling 'Julius' Henschke — Eden Valley, AUST",active
2022-chablis-1er-cru-vaillons-domaine-du-chardonnay,2022 Chablis 1er Cru Vaillons Domaine du Chardonnay,"<p><strong>Origin:</strong> Burgundy, FR</p><p><strong>Type:</strong> White Wine</p><p>Sold by the bottle.</p>",St Swithins Wine Shippers,,White Wine,"White Wine, Wine List, Menu 07.08, Bottle, Burgundy, France, 2022",TRUE,Title,Default Title,2022-chablis-1er-cru-vaillons-domaine-du-chardonnay-bt,1250,,,deny,manual,56.00,,TRUE,TRUE,,,,,FALSE,2022 Chablis 1er Cru Vaillons Domaine du Chardonnay,"2022 Chablis 1er Cru Vaillons Domaine du Chardonnay — Burgundy, FR",active
2022-assyrtiko-vassaltis,2022 Assyrtiko Vassaltis,"<p><strong>Origin:</strong> Santorini, GR</p><p><strong>Type:</strong> White Wine</p><p>Sold by the bottle.</p>",St Swithins Wine Shippers,,White Wine,"White Wine, Wine List, Menu 07.08, Bottle, Santorini, Greece, 2022",TRUE,Title,Default Title,2022-assyrtiko-vassaltis-bt,1250,,,deny,manual,59.00,,TRUE,TRUE,,,,,FALSE,2022 Assyrtiko Vassaltis,"2022 Assyrtiko Vassaltis — Santorini, GR",active
2022-saint-joseph-fran-ois-merlin,2022 Saint Joseph François Merlin,"<p><strong>Origin:</strong> Rhône, FR</p><p><strong>Type:</strong> White Wine</p><p>Sold by the bottle.</p>",St Swithins Wine Shippers,,White Wine,"White Wine, Wine List, Menu 07.08, Bottle, Rhône, France, 2022",TRUE,Title,Default Title,2022-saint-joseph-fran-ois-merlin-bt,1250,,,deny,manual,61.00,,TRUE,TRUE,,,,,FALSE,2022 Saint Joseph François Merlin,"2022 Saint Joseph François Merlin — Rhône, FR",active
2021-katherines-vineyard-chardonnay-cambria-estate,2021 Katherine's Vineyard Chardonnay Cambria Estate,"<p><strong>Origin:</strong> Santa Barbara County, USA</p><p><strong>Type:</strong> White Wine</p><p>Sold by the bottle.</p>",St Swithins Wine Shippers,,White Wine,"White Wine, Wine List, Menu 07.08, Bottle, Santa Barbara County, USA, 2021",TRUE,Title,Default Title,2021-katherines-vineyard-chardonnay-cambria-estate-bt,1250,,,deny,manual,63.00,,TRUE,TRUE,,,,,FALSE,2021 Katherine's Vineyard Chardonnay Cambria Estate,"2021 Katherine's Vineyard Chardonnay Cambria Estate — Santa Barbara County, USA",active
2022-pouilly-fuiss-1er-cru-les-crays-domaine-guerrin,2022 Pouilly-Fuissé 1er Cru Les Crays Domaine Guerrin,"<p><strong>Origin:</strong> Burgundy, FR</p><p><strong>Type:</strong> White Wine</p><p>Sold by the bottle.</p>",St Swithins Wine Shippers,,White Wine,"White Wine, Wine List, Menu 07.08, Bottle, Burgundy, France, 2022",TRUE,Title,Default Title,2022-pouilly-fuiss-1er-cru-les-crays-domaine-guerrin-bt,1250,,,deny,manual,65.00,,TRUE,TRUE,,,,,FALSE,2022 Pouilly-Fuissé 1er Cru Les Crays Domaine Guerrin,"2022 Pouilly-Fuissé 1er Cru Les Crays Domaine Guerrin — Burgundy, FR",active
2022-condrieu-st-phane-montez,2022 Condrieu Stéphane Montez,"<p><strong>Origin:</strong> Rhône, FR</p><p><strong>Type:</strong> White Wine</p><p>Sold by the bottle.</p>",St Swithins Wine Shippers,,White Wine,"White Wine, Wine List, Menu 07.08, Bottle, Rhône, France, 2022",TRUE,Title,Default Title,2022-condrieu-st-phane-montez-bt,1250,,,deny,manual,72.00,,TRUE,TRUE,,,,,FALSE,2022 Condrieu Stéphane Montez,"2022 Condrieu Stéphane Montez — Rhône, FR",active
2021-meursault-bzikot,2021 Meursault Bzikot,"<p><strong>Origin:</strong> Burgundy, FR</p><p><strong>Type:</strong> White Wine</p><p>Sold by the bottle.</p>",St Swithins Wine Shippers,,White Wine,"White Wine, Wine List, Menu 07.08, Bottle, Burgundy, France, 2021",TRUE,Title,Default Title,2021-meursault-bzikot-bt,1250,,,deny,manual,97.00,,TRUE,TRUE,,,,,FALSE,2021 Meursault Bzikot,"2021 Meursault Bzikot — Burgundy, FR",active
2022-domaine-les-yeuses-syrah,2022 Domaine Les Yeuses Syrah,"<p><strong>Origin:</strong> Languedoc, FR</p><p><strong>Type:</strong> Red Wine</p><p>Sold by the bottle.</p>",St Swithins Wine Shippers,,Red Wine,"Red Wine, Wine List, Menu 07.08, Bottle, Languedoc, France, 2022",TRUE,Title,Default Title,2022-domaine-les-yeuses-syrah-bt,1250,,,deny,manual,35.00,,TRUE,TRUE,,,,,FALSE,2022 Domaine Les Yeuses Syrah,"2022 Domaine Les Yeuses Syrah — Languedoc, FR",active
2020-barbera-rossore-iuli,2020 Barbera Rossore Iuli,"<p><strong>Origin:</strong> Piemonte, IT</p><p><strong>Type:</strong> Red Wine</p><p>Sold by the bottle.</p>",St Swithins Wine Shippers,,Red Wine,"Red Wine, Wine List, Menu 07.08, Bottle, Piemonte, Italy, 2020",TRUE,Title,Default Title,2020-barbera-rossore-iuli-bt,1250,,,deny,manual,39.00,,TRUE,TRUE,,,,,FALSE,2020 Barbera Rossore Iuli,"2020 Barbera Rossore Iuli — Piemonte, IT",active
2019-chakana-ayni-malbec,2019 Chakana Ayni Malbec,"<p><strong>Origin:</strong> Mendoza, ARG</p><p><strong>Type:</strong> Red Wine</p><p>Sold by the bottle.</p>",St Swithins Wine Shippers,,Red Wine,"Red Wine, Wine List, Menu 07.08, Bottle, Mendoza, Argentina, 2019",TRUE,Title,Default Title,2019-chakana-ayni-malbec-bt,1250,,,deny,manual,46.00,,TRUE,TRUE,,,,,FALSE,2019 Chakana Ayni Malbec,"2019 Chakana Ayni Malbec — Mendoza, ARG",active
2017-rioja-gran-reserva-coto-de-imaz,2017 Rioja Gran Reserva Coto de Imaz,"<p><strong>Origin:</strong> Rioja, SP</p><p><strong>Type:</strong> Red Wine</p><p>Sold by the bottle.</p>",St Swithins Wine Shippers,,Red Wine,"Red Wine, Wine List, Menu 07.08, Bottle, Rioja, Spain, 2017",TRUE,Title,Default Title,2017-rioja-gran-reserva-coto-de-imaz-bt,1250,,,deny,manual,48.00,,TRUE,TRUE,,,,,FALSE,2017 Rioja Gran Reserva Coto de Imaz,"2017 Rioja Gran Reserva Coto de Imaz — Rioja, SP",active
2015-diane-de-belgrave-haut-m-doc,2015 Diane de Belgrave Haut-Médoc,"<p><strong>Origin:</strong> Bordeaux, FR</p><p><strong>Type:</strong> Red Wine</p><p>Sold by the bottle.</p>",St Swithins Wine Shippers,,Red Wine,"Red Wine, Wine List, Menu 07.08, Bottle, Bordeaux, France, 2015",TRUE,Title,Default Title,2015-diane-de-belgrave-haut-m-doc-bt,1250,,,deny,manual,49.00,,TRUE,TRUE,,,,,FALSE,2015 Diane de Belgrave Haut-Médoc,"2015 Diane de Belgrave Haut-Médoc — Bordeaux, FR",active
2021-gigondas-domaine-grand-romane,2021 Gigondas Domaine Grand Romane,"<p><strong>Origin:</strong> Rhône, FR</p><p><strong>Type:</strong> Red Wine</p><p>Sold by the bottle.</p>",St Swithins Wine Shippers,,Red Wine,"Red Wine, Wine List, Menu 07.08, Bottle, Rhône, France, 2021",TRUE,Title,Default Title,2021-gigondas-domaine-grand-romane-bt,1250,,,deny,manual,52.00,,TRUE,TRUE,,,,,FALSE,2021 Gigondas Domaine Grand Romane,"2021 Gigondas Domaine Grand Romane — Rhône, FR",active
2022-ch-nas-blemonts-domaine-thillardon,2022 Chénas Blemonts Domaine Thillardon,"<p><strong>Origin:</strong> Beaujolais, FR</p><p><strong>Type:</strong> Red Wine</p><p>Sold by the bottle.</p>",St Swithins Wine Shippers,,Red Wine,"Red Wine, Wine List, Menu 07.08, Bottle, Beaujolais, France, 2022",TRUE,Title,Default Title,2022-ch-nas-blemonts-domaine-thillardon-bt,1250,,,deny,manual,55.00,,TRUE,TRUE,,,,,FALSE,2022 Chénas Blemonts Domaine Thillardon,"2022 Chénas Blemonts Domaine Thillardon — Beaujolais, FR",active
2013-moulin-vent-ch-teau-des-jacques-clos-du-grand-carquelin,2013 Moulin à Vent Château des Jacques Clos du Grand Carquelin,"<p><strong>Origin:</strong> Beaujolais, FR</p><p><strong>Type:</strong> Red Wine</p><p>Sold by the bottle.</p>",St Swithins Wine Shippers,,Red Wine,"Red Wine, Wine List, Menu 07.08, Bottle, Beaujolais, France, 2013",TRUE,Title,Default Title,2013-moulin-vent-ch-teau-des-jacques-clos-du-grand-carquelin-bt,1250,,,deny,manual,56.00,,TRUE,TRUE,,,,,FALSE,2013 Moulin à Vent Château des Jacques Clos du Grand Carquelin,"2013 Moulin à Vent Château des Jacques Clos du Grand Carquelin — Beaujolais, FR",active
2019-pinot-noir-r-sonance-willamette-valley,2019 Pinot Noir Résonance Willamette Valley,"<p><strong>Origin:</strong> Oregon, USA</p><p><strong>Type:</strong> Red Wine</p><p>Sold by the bottle.</p>",St Swithins Wine Shippers,,Red Wine,"Red Wine, Wine List, Menu 07.08, Bottle, Oregon, USA, 2019",TRUE,Title,Default Title,2019-pinot-noir-r-sonance-willamette-valley-bt,1250,,,deny,manual,59.00,,TRUE,TRUE,,,,,FALSE,2019 Pinot Noir Résonance Willamette Valley,"2019 Pinot Noir Résonance Willamette Valley — Oregon, USA",active
2018-valtellina-superiore-riserva-carteria-sandro-fay,2018 Valtellina Superiore Riserva Carteria Sandro Fay,"<p><strong>Origin:</strong> Lombardy, IT</p><p><strong>Type:</strong> Red Wine</p><p>Sold by the bottle.</p>",St Swithins Wine Shippers,,Red Wine,"Red Wine, Wine List, Menu 07.08, Bottle, Lombardy, Italy, 2018",TRUE,Title,Default Title,2018-valtellina-superiore-riserva-carteria-sandro-fay-bt,1250,,,deny,manual,60.00,,TRUE,TRUE,,,,,FALSE,2018 Valtellina Superiore Riserva Carteria Sandro Fay,"2018 Valtellina Superiore Riserva Carteria Sandro Fay — Lombardy, IT",active
2018-ch-teau-des-graviers-margaux,2018 Château des Graviers Margaux,"<p><strong>Origin:</strong> Bordeaux, FR</p><p><strong>Type:</strong> Red Wine</p><p>Sold by the bottle.</p>",St Swithins Wine Shippers,,Red Wine,"Red Wine, Wine List, Menu 07.08, Bottle, Bordeaux, France, 2018",TRUE,Title,Default Title,2018-ch-teau-des-graviers-margaux-bt,1250,,,deny,manual,62.00,,TRUE,TRUE,,,,,FALSE,2018 Château des Graviers Margaux,"2018 Château des Graviers Margaux — Bordeaux, FR",active
2015-ribeira-sacra-algueira-serradelo,2015 Ribeira Sacra Algueira Serradelo,"<p><strong>Origin:</strong> Galicia, SP</p><p><strong>Type:</strong> Red Wine</p><p>Sold by the bottle.</p>",St Swithins Wine Shippers,,Red Wine,"Red Wine, Wine List, Menu 07.08, Bottle, Galicia, Spain, 2015",TRUE,Title,Default Title,2015-ribeira-sacra-algueira-serradelo-bt,1250,,,deny,manual,62.00,,TRUE,TRUE,,,,,FALSE,2015 Ribeira Sacra Algueira Serradelo,"2015 Ribeira Sacra Algueira Serradelo — Galicia, SP",active
2019-gam-mitolo-shiraz,2019 'GAM' Mitolo Shiraz,"<p><strong>Origin:</strong> McLaren Vale, AUST</p><p><strong>Type:</strong> Red Wine</p><p>Sold by the bottle.</p>",St Swithins Wine Shippers,,Red Wine,"Red Wine, Wine List, Menu 07.08, Bottle, McLaren Vale, Australia, 2019",TRUE,Title,Default Title,2019-gam-mitolo-shiraz-bt,1250,,,deny,manual,62.00,,TRUE,TRUE,,,,,FALSE,2019 'GAM' Mitolo Shiraz,"2019 'GAM' Mitolo Shiraz — McLaren Vale, AUST",active
2011-saumur-champigny-les-rogelins-clotilde-legrand,2011 Saumur-Champigny Les Rogelins Clotilde Legrand,"<p><strong>Origin:</strong> Loire, FR</p><p><strong>Type:</strong> Red Wine</p><p>Sold by the bottle.</p>",St Swithins Wine Shippers,,Red Wine,"Red Wine, Wine List, Menu 07.08, Bottle, Loire, France, 2011",TRUE,Title,Default Title,2011-saumur-champigny-les-rogelins-clotilde-legrand-bt,1250,,,deny,manual,65.00,,TRUE,TRUE,,,,,FALSE,2011 Saumur-Champigny Les Rogelins Clotilde Legrand,"2011 Saumur-Champigny Les Rogelins Clotilde Legrand — Loire, FR",active
2017-barolo-460-cascina-bric,2017 Barolo 460 Cascina Bric,"<p><strong>Origin:</strong> Piemonte, IT</p><p><strong>Type:</strong> Red Wine</p><p>Sold by the bottle.</p>",St Swithins Wine Shippers,,Red Wine,"Red Wine, Wine List, Menu 07.08, Bottle, Piemonte, Italy, 2017",TRUE,Title,Default Title,2017-barolo-460-cascina-bric-bt,1250,,,deny,manual,66.00,,TRUE,TRUE,,,,,FALSE,2017 Barolo 460 Cascina Bric,"2017 Barolo 460 Cascina Bric — Piemonte, IT",active
2018-ch-teau-le-gabachot-pomerol,2018 Château Le Gabachot Pomerol,"<p><strong>Origin:</strong> Bordeaux, FR</p><p><strong>Type:</strong> Red Wine</p><p>Sold by the bottle.</p>",St Swithins Wine Shippers,,Red Wine,"Red Wine, Wine List, Menu 07.08, Bottle, Bordeaux, France, 2018",TRUE,Title,Default Title,2018-ch-teau-le-gabachot-pomerol-bt,1250,,,deny,manual,69.00,,TRUE,TRUE,,,,,FALSE,2018 Château Le Gabachot Pomerol,"2018 Château Le Gabachot Pomerol — Bordeaux, FR",active
2022-pinot-noir-cuv-e-cin-ma-crystallum,2022 Pinot Noir Cuvée Cinéma Crystallum,"<p><strong>Origin:</strong> Hemel En Aarde, SA</p><p><strong>Type:</strong> Red Wine</p><p>Sold by the bottle.</p>",St Swithins Wine Shippers,,Red Wine,"Red Wine, Wine List, Menu 07.08, Bottle, Hemel En Aarde, South Africa, 2022",TRUE,Title,Default Title,2022-pinot-noir-cuv-e-cin-ma-crystallum-bt,1250,,,deny,manual,69.00,,TRUE,TRUE,,,,,FALSE,2022 Pinot Noir Cuvée Cinéma Crystallum,"2022 Pinot Noir Cuvée Cinéma Crystallum — Hemel En Aarde, SA",active
2012-pastourelle-de-clerc-milon-pauillac,2012 Pastourelle de Clerc Milon Pauillac,"<p><strong>Origin:</strong> Bordeaux, FR</p><p><strong>Type:</strong> Red Wine</p><p>Sold by the bottle.</p>",St Swithins Wine Shippers,,Red Wine,"Red Wine, Wine List, Menu 07.08, Bottle, Bordeaux, France, 2012",TRUE,Title,Default Title,2012-pastourelle-de-clerc-milon-pauillac-bt,1250,,,deny,manual,71.00,,TRUE,TRUE,,,,,FALSE,2012 Pastourelle de Clerc Milon Pauillac,"2012 Pastourelle de Clerc Milon Pauillac — Bordeaux, FR",active
2019-vilafonte-serie-m-merlot-malbec-blend,2019 Vilafonte Serie M (Merlot/Malbec blend),"<p><strong>Origin:</strong> Paarl, SA</p><p><strong>Type:</strong> Red Wine</p><p>Sold by the bottle.</p>",St Swithins Wine Shippers,,Red Wine,"Red Wine, Wine List, Menu 07.08, Bottle, Paarl, South Africa, 2019",TRUE,Title,Default Title,2019-vilafonte-serie-m-merlot-malbec-blend-bt,1250,,,deny,manual,79.00,,TRUE,TRUE,,,,,FALSE,2019 Vilafonte Serie M (Merlot/Malbec blend),"2019 Vilafonte Serie M (Merlot/Malbec blend) — Paarl, SA",active
2019-marsannay-au-champ-salomon-domaine-bart,2019 Marsannay Au Champ Salomon Domaine Bart,"<p><strong>Origin:</strong> Burgundy, FR</p><p><strong>Type:</strong> Red Wine</p><p>Sold by the bottle.</p>",St Swithins Wine Shippers,,Red Wine,"Red Wine, Wine List, Menu 07.08, Bottle, Burgundy, France, 2019",TRUE,Title,Default Title,2019-marsannay-au-champ-salomon-domaine-bart-bt,1250,,,deny,manual,79.00,,TRUE,TRUE,,,,,FALSE,2019 Marsannay Au Champ Salomon Domaine Bart,"2019 Marsannay Au Champ Salomon Domaine Bart — Burgundy, FR",active
2017-brunello-di-montalcino-silvio-nardi,2017 Brunello di Montalcino Silvio Nardi,"<p><strong>Origin:</strong> Tuscany, IT</p><p><strong>Type:</strong> Red Wine</p><p>Sold by the bottle.</p>",St Swithins Wine Shippers,,Red Wine,"Red Wine, Wine List, Menu 07.08, Bottle, Tuscany, Italy, 2017",TRUE,Title,Default Title,2017-brunello-di-montalcino-silvio-nardi-bt,1250,,,deny,manual,85.00,,TRUE,TRUE,,,,,FALSE,2017 Brunello di Montalcino Silvio Nardi,"2017 Brunello di Montalcino Silvio Nardi — Tuscany, IT",active
2020-c-te-r-tie-fran-ois-merlin,2020 Côte Rôtie François Merlin,"<p><strong>Origin:</strong> Rhône, FR</p><p><strong>Type:</strong> Red Wine</p><p>Sold by the bottle.</p>",St Swithins Wine Shippers,,Red Wine,"Red Wine, Wine List, Menu 07.08, Bottle, Rhône, France, 2020",TRUE,Title,Default Title,2020-c-te-r-tie-fran-ois-merlin-bt,1250,,,deny,manual,92.00,,TRUE,TRUE,,,,,FALSE,2020 Côte Rôtie François Merlin,"2020 Côte Rôtie François Merlin — Rhône, FR",active
2021-cabernet-sauvignon-pine-ridge,2021 Cabernet Sauvignon Pine Ridge,"<p><strong>Origin:</strong> Napa Valley, USA</p><p><strong>Type:</strong> Red Wine</p><p>Sold by the bottle.</p>",St Swithins Wine Shippers,,Red Wine,"Red Wine, Wine List, Menu 07.08, Bottle, Napa Valley, USA, 2021",TRUE,Title,Default Title,2021-cabernet-sauvignon-pine-ridge-bt,1250,,,deny,manual,99.00,,TRUE,TRUE,,,,,FALSE,2021 Cabernet Sauvignon Pine Ridge,"2021 Cabernet Sauvignon Pine Ridge — Napa Valley, USA",active
